date,ticker,price
13/06/2016,BBRI,1.746.646.240
20/06/2016,BBRI,1.755.166.382
27/06/2016,BBRI,1.831.848.633
04/07/2016,BBRI,1.831.848.633
11/07/2016,BBRI,1.959.652.100
18/07/2016,BBRI,1.946.871.460
25/07/2016,BBRI,1.963.911.987
01/08/2016,BBRI,2.040.593.994
08/08/2016,BBRI,2.036.334.106
15/08/2016,BBRI,2.044.854.126
22/08/2016,BBRI,2.002.253.052
29/08/2016,BBRI,1.980.952.515
05/09/2016,BBRI,2.002.253.052
12/09/2016,BBRI,2.032.073.975
19/09/2016,BBRI,2.057.634.521
26/09/2016,BBRI,2.078.935.059
03/10/2016,BBRI,2.040.593.994
10/10/2016,BBRI,2.083.195.313
17/10/2016,BBRI,2.083.195.313
24/10/2016,BBRI,2.078.935.059
31/10/2016,BBRI,2.113.015.869
07/11/2016,BBRI,2.040.593.994
14/11/2016,BBRI,1.959.652.100
21/11/2016,BBRI,1.861.669.312
28/11/2016,BBRI,1.925.571.045
05/12/2016,BBRI,1.955.391.968
12/12/2016,BBRI,1.921.310.913
19/12/2016,BBRI,1.853.149.170
26/12/2016,BBRI,1.989.472.900
02/01/2017,BBRI,2.061.894.775
09/01/2017,BBRI,2.036.334.106
16/01/2017,BBRI,2.010.773.071
23/01/2017,BBRI,1.997.992.920
30/01/2017,BBRI,2.044.854.126
06/02/2017,BBRI,2.049.114.502
13/02/2017,BBRI,1.993.732.788
20/02/2017,BBRI,2.036.334.106
27/02/2017,BBRI,2.019.293.457
06/03/2017,BBRI,2.057.634.521
13/03/2017,BBRI,2.215.258.545
20/03/2017,BBRI,2.240.819.580
27/03/2017,BBRI,2.285.199.463
03/04/2017,BBRI,2.298.408.691
10/04/2017,BBRI,2.236.765.625
17/04/2017,BBRI,2.276.393.311
24/04/2017,BBRI,2.271.989.990
01/05/2017,BBRI,2.452.516.357
08/05/2017,BBRI,2.470.128.662
15/05/2017,BBRI,2.553.787.354
22/05/2017,BBRI,2.505.353.271
29/05/2017,BBRI,2.597.817.871
05/06/2017,BBRI,2.531.771.729
12/06/2017,BBRI,2.584.608.643
19/06/2017,BBRI,2.685.879.639
26/06/2017,BBRI,2.685.879.639
03/07/2017,BBRI,2.650.655.029
10/07/2017,BBRI,2.606.624.023
17/07/2017,BBRI,2.584.608.643
24/07/2017,BBRI,2.553.787.354
31/07/2017,BBRI,2.628.639.893
07/08/2017,BBRI,2.641.848.877
14/08/2017,BBRI,2.668.267.334
21/08/2017,BBRI,2.694.685.791
28/08/2017,BBRI,2.663.864.258
04/09/2017,BBRI,2.641.848.877
11/09/2017,BBRI,2.615.430.420
18/09/2017,BBRI,2.760.731.934
25/09/2017,BBRI,2.690.282.715
02/10/2017,BBRI,2.707.895.264
09/10/2017,BBRI,2.703.492.188
16/10/2017,BBRI,2.751.925.781
23/10/2017,BBRI,2.747.522.705
30/10/2017,BBRI,2.817.972.168
06/11/2017,BBRI,2.888.421.631
13/11/2017,BBRI,2.897.227.539
20/11/2017,BBRI,2.950.064.697
27/11/2017,BBRI,2.826.778.076
04/12/2017,BBRI,2.967.677.002
11/12/2017,BBRI,2.985.289.551
18/12/2017,BBRI,3.046.932.617
25/12/2017,BBRI,3.205.443.115
01/01/2018,BBRI,3.161.412.598
08/01/2018,BBRI,3.117.381.592
15/01/2018,BBRI,3.187.830.811
22/01/2018,BBRI,3.390.372.803
29/01/2018,BBRI,3.293.504.883
05/02/2018,BBRI,3.267.086.426
12/02/2018,BBRI,3.381.566.406
19/02/2018,BBRI,3.337.535.889
26/02/2018,BBRI,3.337.535.889
05/03/2018,BBRI,3.249.474.121
12/03/2018,BBRI,3.240.667.969
19/03/2018,BBRI,3.170.218.506
26/03/2018,BBRI,3.170.218.506
02/04/2018,BBRI,3.064.544.678
09/04/2018,BBRI,3.221.718.018
16/04/2018,BBRI,3.321.545.654
23/04/2018,BBRI,3.167.266.357
30/04/2018,BBRI,2.749.804.443
07/05/2018,BBRI,2.867.782.471
14/05/2018,BBRI,2.668.126.709
21/05/2018,BBRI,2.831.481.445
28/05/2018,BBRI,2.795.180.420
04/06/2018,BBRI,2.849.631.836
11/06/2018,BBRI,2.849.631.836
18/06/2018,BBRI,2.704.427.979
25/06/2018,BBRI,2.577.374.268
02/07/2018,BBRI,2.577.374.268
09/07/2018,BBRI,2.695.352.783
16/07/2018,BBRI,2.704.427.979
23/07/2018,BBRI,2.804.255.859
30/07/2018,BBRI,3.022.062.012
06/08/2018,BBRI,3.076.513.428
13/08/2018,BBRI,2.767.954.834
20/08/2018,BBRI,2.967.610.352
27/08/2018,BBRI,2.885.933.350
03/09/2018,BBRI,2.749.804.443
10/09/2018,BBRI,2.786.105.225
17/09/2018,BBRI,2.831.481.445
24/09/2018,BBRI,2.858.707.520
01/10/2018,BBRI,2.704.427.979
08/10/2018,BBRI,2.677.202.393
15/10/2018,BBRI,2.740.729.004
22/10/2018,BBRI,2.713.503.174
29/10/2018,BBRI,2.976.685.791
05/11/2018,BBRI,3.031.137.207
12/11/2018,BBRI,3.167.266.357
19/11/2018,BBRI,3.158.191.162
26/11/2018,BBRI,3.285.244.629
03/12/2018,BBRI,3.285.244.629
10/12/2018,BBRI,3.339.696.533
17/12/2018,BBRI,3.285.244.629
24/12/2018,BBRI,3.321.545.654
31/12/2018,BBRI,3.321.545.654
07/01/2019,BBRI,3.385.072.510
14/01/2019,BBRI,3.466.750.000
21/01/2019,BBRI,3.430.448.975
28/01/2019,BBRI,3.557.502.441
04/02/2019,BBRI,3.530.276.611
11/02/2019,BBRI,3.421.373.535
18/02/2019,BBRI,3.539.352.051
25/02/2019,BBRI,3.512.125.977
04/03/2019,BBRI,3.493.975.586
11/03/2019,BBRI,3.584.728.516
18/03/2019,BBRI,3.675.480.957
25/03/2019,BBRI,3.729.932.373
01/04/2019,BBRI,3.875.136.475
08/04/2019,BBRI,3.911.437.744
15/04/2019,BBRI,4.047.566.895
22/04/2019,BBRI,3.929.588.379
29/04/2019,BBRI,3.974.964.600
06/05/2019,BBRI,3.739.007.568
13/05/2019,BBRI,3.439.523.926
20/05/2019,BBRI,3.493.975.586
27/05/2019,BBRI,3.853.139.160
03/06/2019,BBRI,3.853.139.160
10/06/2019,BBRI,3.975.312.012
17/06/2019,BBRI,4.097.484.863
24/06/2019,BBRI,4.097.484.863
01/07/2019,BBRI,4.135.076.172
08/07/2019,BBRI,4.238.453.125
15/07/2019,BBRI,4.210.259.277
22/07/2019,BBRI,4.172.667.480
29/07/2019,BBRI,4.182.065.918
05/08/2019,BBRI,4.069.291.016
12/08/2019,BBRI,3.956.516.113
19/08/2019,BBRI,3.834.343.506
26/08/2019,BBRI,4.012.903.320
02/09/2019,BBRI,4.012.903.320
09/09/2019,BBRI,4.050.495.361
16/09/2019,BBRI,3.909.526.611
23/09/2019,BBRI,3.928.322.266
30/09/2019,BBRI,3.712.170.654
07/10/2019,BBRI,3.683.977.051
14/10/2019,BBRI,3.918.924.561
21/10/2019,BBRI,3.975.312.012
28/10/2019,BBRI,3.928.322.266
04/11/2019,BBRI,3.749.762.207
11/11/2019,BBRI,3.843.741.455
18/11/2019,BBRI,3.956.516.113
25/11/2019,BBRI,3.843.741.455
02/12/2019,BBRI,3.918.924.561
09/12/2019,BBRI,4.022.301.270
16/12/2019,BBRI,4.097.484.863
23/12/2019,BBRI,4.163.269.531
30/12/2019,BBRI,4.153.872.070
06/01/2020,BBRI,4.144.474.121
13/01/2020,BBRI,4.351.228.027
20/01/2020,BBRI,4.454.604.980
27/01/2020,BBRI,4.191.463.867
03/02/2020,BBRI,4.276.044.434
10/02/2020,BBRI,4.276.044.434
17/02/2020,BBRI,4.238.453.125
24/02/2020,BBRI,3.937.720.215
02/03/2020,BBRI,3.915.568.604
09/03/2020,BBRI,3.632.397.949
16/03/2020,BBRI,2.743.827.393
23/03/2020,BBRI,3.153.936.768
30/03/2020,BBRI,2.821.943.604
06/04/2020,BBRI,2.724.298.340
13/04/2020,BBRI,2.763.356.445
20/04/2020,BBRI,2.568.066.162
27/04/2020,BBRI,2.665.711.426
04/05/2020,BBRI,2.529.008.301
11/05/2020,BBRI,2.187.250.244
18/05/2020,BBRI,2.421.598.633
25/05/2020,BBRI,2.880.530.518
01/06/2020,BBRI,3.036.762.695
08/06/2020,BBRI,2.958.646.729
15/06/2020,BBRI,3.026.998.291
22/06/2020,BBRI,2.958.646.729
29/06/2020,BBRI,2.978.175.781
06/07/2020,BBRI,3.036.762.695
13/07/2020,BBRI,3.026.998.291
20/07/2020,BBRI,3.017.233.643
27/07/2020,BBRI,3.085.585.205
03/08/2020,BBRI,3.036.762.695
10/08/2020,BBRI,3.261.346.436
17/08/2020,BBRI,3.476.165.771
24/08/2020,BBRI,3.603.104.248
31/08/2020,BBRI,3.466.401.123
07/09/2020,BBRI,3.173.465.820
14/09/2020,BBRI,3.144.172.363
21/09/2020,BBRI,3.085.585.205
28/09/2020,BBRI,3.026.998.291
05/10/2020,BBRI,3.075.820.801
12/10/2020,BBRI,3.173.465.820
19/10/2020,BBRI,3.212.523.926
26/10/2020,BBRI,3.280.875.488
02/11/2020,BBRI,3.476.165.771
09/11/2020,BBRI,3.905.804.199
16/11/2020,BBRI,3.925.333.252
23/11/2020,BBRI,4.169.445.801
30/11/2020,BBRI,4.198.739.258
07/12/2020,BBRI,4.179.210.449
14/12/2020,BBRI,4.179.210.449
21/12/2020,BBRI,4.062.036.377
28/12/2020,BBRI,4.071.800.781
04/01/2021,BBRI,4.286.620.117
11/01/2021,BBRI,4.472.145.996
18/01/2021,BBRI,4.608.849.121
25/01/2021,BBRI,4.081.565.430
01/02/2021,BBRI,4.364.736.328
08/02/2021,BBRI,4.569.791.016
15/02/2021,BBRI,4.677.200.684
22/02/2021,BBRI,4.599.084.473
01/03/2021,BBRI,4.657.671.387
08/03/2021,BBRI,4.472.145.996
15/03/2021,BBRI,4.560.026.367
22/03/2021,BBRI,4.608.849.121
29/03/2021,BBRI,4.188.975.098
05/04/2021,BBRI,4.247.562.012
12/04/2021,BBRI,4.340.000.000
19/04/2021,BBRI,4.250.000.000
26/04/2021,BBRI,4.050.000.000
03/05/2021,BBRI,4.050.000.000
10/05/2021,BBRI,3.990.000.000
17/05/2021,BBRI,3.890.000.000
24/05/2021,BBRI,4.070.000.000
31/05/2021,BBRI,4.340.000.000
07/06/2021,BBRI,4.280.000.000
14/06/2021,BBRI,4.230.000.000
13/06/2016,ELSA,488.642.487
20/06/2016,ELSA,461.495.667
27/06/2016,ELSA,466.020.142
04/07/2016,ELSA,466.020.142
11/07/2016,ELSA,484.118.042
18/07/2016,ELSA,466.020.142
25/07/2016,ELSA,484.118.042
01/08/2016,ELSA,493.166.992
08/08/2016,ELSA,461.495.667
15/08/2016,ELSA,466.020.142
22/08/2016,ELSA,461.495.667
29/08/2016,ELSA,441.588.013
05/09/2016,ELSA,439.778.259
12/09/2016,ELSA,401.772.736
19/09/2016,ELSA,403.582.520
26/09/2016,ELSA,412.631.439
03/10/2016,ELSA,432.539.093
10/10/2016,ELSA,448.827.179
17/10/2016,ELSA,452.446.777
24/10/2016,ELSA,419.870.575
31/10/2016,ELSA,394.533.569
07/11/2016,ELSA,390.914.001
14/11/2016,ELSA,371.006.317
21/11/2016,ELSA,376.435.699
28/11/2016,ELSA,419.870.575
05/12/2016,ELSA,416.251.007
12/12/2016,ELSA,401.772.736
19/12/2016,ELSA,378.245.483
26/12/2016,ELSA,380.055.267
02/01/2017,ELSA,396.343.384
09/01/2017,ELSA,389.104.187
16/01/2017,ELSA,385.484.619
23/01/2017,ELSA,399.962.891
30/01/2017,ELSA,390.914.001
06/02/2017,ELSA,385.484.619
13/02/2017,ELSA,378.245.483
20/02/2017,ELSA,367.386.780
27/02/2017,ELSA,369.196.533
06/03/2017,ELSA,351.098.694
13/03/2017,ELSA,349.288.879
20/03/2017,ELSA,345.669.312
27/03/2017,ELSA,351.098.694
03/04/2017,ELSA,358.337.830
10/04/2017,ELSA,371.006.317
17/04/2017,ELSA,351.098.694
24/04/2017,ELSA,342.049.774
01/05/2017,ELSA,307.663.788
08/05/2017,ELSA,271.468.048
15/05/2017,ELSA,285.946.350
22/05/2017,ELSA,278.707.214
29/05/2017,ELSA,275.087.616
05/06/2017,ELSA,275.250.519
12/06/2017,ELSA,260.570.496
19/06/2017,ELSA,251.395.477
26/06/2017,ELSA,251.395.477
03/07/2017,ELSA,256.900.482
10/07/2017,ELSA,255.065.460
17/07/2017,ELSA,256.900.482
24/07/2017,ELSA,251.395.477
31/07/2017,ELSA,227.540.436
07/08/2017,ELSA,234.880.447
14/08/2017,ELSA,233.045.441
21/08/2017,ELSA,238.550.446
28/08/2017,ELSA,233.045.441
04/09/2017,ELSA,214.695.404
11/09/2017,ELSA,249.560.455
18/09/2017,ELSA,280.755.524
25/09/2017,ELSA,278.920.502
02/10/2017,ELSA,271.580.475
09/10/2017,ELSA,299.105.560
16/10/2017,ELSA,293.600.555
23/10/2017,ELSA,291.765.533
30/10/2017,ELSA,277.085.510
06/11/2017,ELSA,361.495.667
13/11/2017,ELSA,344.980.652
20/11/2017,ELSA,374.340.698
27/11/2017,ELSA,344.980.652
04/12/2017,ELSA,319.290.619
11/12/2017,ELSA,339.475.677
18/12/2017,ELSA,326.630.615
25/12/2017,ELSA,341.310.638
01/01/2018,ELSA,363.330.688
08/01/2018,ELSA,381.680.725
15/01/2018,ELSA,390.855.713
22/01/2018,ELSA,416.545.776
29/01/2018,ELSA,407.370.789
05/02/2018,ELSA,361.495.667
12/02/2018,ELSA,394.525.726
19/02/2018,ELSA,463.338.348
26/02/2018,ELSA,449.575.836
05/03/2018,ELSA,440.400.818
12/03/2018,ELSA,429.390.808
19/03/2018,ELSA,425.720.795
26/03/2018,ELSA,427.555.817
02/04/2018,ELSA,405.535.736
09/04/2018,ELSA,447.740.814
16/04/2018,ELSA,447.740.814
23/04/2018,ELSA,445.905.853
30/04/2018,ELSA,372.505.707
07/05/2018,ELSA,394.525.726
14/05/2018,ELSA,401.865.784
21/05/2018,ELSA,392.690.765
28/05/2018,ELSA,380.490.173
04/06/2018,ELSA,371.209.930
11/06/2018,ELSA,371.209.930
18/06/2018,ELSA,326.664.734
25/06/2018,ELSA,311.816.345
02/07/2018,ELSA,285.831.665
09/07/2018,ELSA,311.816.345
16/07/2018,ELSA,315.528.473
23/07/2018,ELSA,339.657.104
30/07/2018,ELSA,361.929.718
06/08/2018,ELSA,354.505.493
13/08/2018,ELSA,321.096.619
20/08/2018,ELSA,334.088.959
27/08/2018,ELSA,335.945.007
03/09/2018,ELSA,317.384.521
10/09/2018,ELSA,326.664.734
17/09/2018,ELSA,319.240.540
24/09/2018,ELSA,345.225.250
01/10/2018,ELSA,345.225.250
08/10/2018,ELSA,341.513.153
15/10/2018,ELSA,341.513.153
22/10/2018,ELSA,326.664.734
29/10/2018,ELSA,341.513.153
05/11/2018,ELSA,332.232.910
12/11/2018,ELSA,311.816.345
19/11/2018,ELSA,295.111.908
26/11/2018,ELSA,285.831.665
03/12/2018,ELSA,300.680.054
10/12/2018,ELSA,313.672.424
17/12/2018,ELSA,315.528.473
24/12/2018,ELSA,319.240.540
31/12/2018,ELSA,321.096.619
07/01/2019,ELSA,347.081.299
14/01/2019,ELSA,339.657.104
21/01/2019,ELSA,332.232.910
28/01/2019,ELSA,337.801.056
04/02/2019,ELSA,365.641.785
11/02/2019,ELSA,345.225.250
18/02/2019,ELSA,354.505.493
25/02/2019,ELSA,345.225.250
04/03/2019,ELSA,345.225.250
11/03/2019,ELSA,347.081.299
18/03/2019,ELSA,339.657.104
25/03/2019,ELSA,334.088.959
01/04/2019,ELSA,343.369.232
08/04/2019,ELSA,352.649.475
15/04/2019,ELSA,358.217.590
22/04/2019,ELSA,365.641.785
29/04/2019,ELSA,351.483.337
06/05/2019,ELSA,340.083.862
13/05/2019,ELSA,315.385.040
20/05/2019,ELSA,324.884.583
27/05/2019,ELSA,330.584.320
03/06/2019,ELSA,330.584.320
10/06/2019,ELSA,345.783.600
17/06/2019,ELSA,357.183.044
24/06/2019,ELSA,359.082.977
01/07/2019,ELSA,349.583.405
08/07/2019,ELSA,351.483.337
15/07/2019,ELSA,347.683.502
22/07/2019,ELSA,322.984.680
29/07/2019,ELSA,330.584.320
05/08/2019,ELSA,321.084.778
12/08/2019,ELSA,315.385.040
19/08/2019,ELSA,319.184.845
26/08/2019,ELSA,328.684.418
02/09/2019,ELSA,319.184.845
09/09/2019,ELSA,319.184.845
16/09/2019,ELSA,321.084.778
23/09/2019,ELSA,307.785.400
30/09/2019,ELSA,302.085.663
07/10/2019,ELSA,311.585.205
14/10/2019,ELSA,313.485.138
21/10/2019,ELSA,313.485.138
28/10/2019,ELSA,298.285.858
04/11/2019,ELSA,294.486.023
11/11/2019,ELSA,294.486.023
18/11/2019,ELSA,288.786.285
25/11/2019,ELSA,258.387.726
02/12/2019,ELSA,286.886.383
09/12/2019,ELSA,288.786.285
16/12/2019,ELSA,288.786.285
23/12/2019,ELSA,292.586.121
30/12/2019,ELSA,300.185.760
06/01/2020,ELSA,300.185.760
13/01/2020,ELSA,288.786.285
20/01/2020,ELSA,269.787.201
27/01/2020,ELSA,258.387.726
03/02/2020,ELSA,246.988.281
10/02/2020,ELSA,235.588.821
17/02/2020,ELSA,241.288.559
24/02/2020,ELSA,197.590.622
02/03/2020,ELSA,218.489.639
09/03/2020,ELSA,167.192.062
16/03/2020,ELSA,131.093.781
23/03/2020,ELSA,146.293.060
30/03/2020,ELSA,193.790.802
06/04/2020,ELSA,214.689.819
13/04/2020,ELSA,186.191.162
20/04/2020,ELSA,181.441.391
27/04/2020,ELSA,186.191.162
04/05/2020,ELSA,201.390.442
11/05/2020,ELSA,189.990.982
18/05/2020,ELSA,191.890.900
25/05/2020,ELSA,187.141.113
01/06/2020,ELSA,203.290.359
08/06/2020,ELSA,214.689.819
15/06/2020,ELSA,222.289.459
22/06/2020,ELSA,212.789.902
29/06/2020,ELSA,216.589.722
06/07/2020,ELSA,229.889.099
13/07/2020,ELSA,222.289.459
20/07/2020,ELSA,234.000.000
27/07/2020,ELSA,228.000.000
03/08/2020,ELSA,236.000.000
10/08/2020,ELSA,240.000.000
17/08/2020,ELSA,240.000.000
24/08/2020,ELSA,252.000.000
31/08/2020,ELSA,238.000.000
07/09/2020,ELSA,220.000.000
14/09/2020,ELSA,222.000.000
21/09/2020,ELSA,200.000.000
28/09/2020,ELSA,195.000.000
05/10/2020,ELSA,210.000.000
12/10/2020,ELSA,214.000.000
19/10/2020,ELSA,214.000.000
26/10/2020,ELSA,212.000.000
02/11/2020,ELSA,214.000.000
09/11/2020,ELSA,230.000.000
16/11/2020,ELSA,254.000.000
23/11/2020,ELSA,300.000.000
30/11/2020,ELSA,370.000.000
07/12/2020,ELSA,368.000.000
14/12/2020,ELSA,380.000.000
21/12/2020,ELSA,360.000.000
28/12/2020,ELSA,352.000.000
04/01/2021,ELSA,424.000.000
11/01/2021,ELSA,474.000.000
18/01/2021,ELSA,426.000.000
25/01/2021,ELSA,358.000.000
01/02/2021,ELSA,380.000.000
08/02/2021,ELSA,380.000.000
15/02/2021,ELSA,392.000.000
22/02/2021,ELSA,402.000.000
01/03/2021,ELSA,384.000.000
08/03/2021,ELSA,392.000.000
15/03/2021,ELSA,384.000.000
22/03/2021,ELSA,368.000.000
29/03/2021,ELSA,346.000.000
05/04/2021,ELSA,342.000.000
12/04/2021,ELSA,338.000.000
19/04/2021,ELSA,342.000.000
26/04/2021,ELSA,356.000.000
03/05/2021,ELSA,342.000.000
10/05/2021,ELSA,336.000.000
17/05/2021,ELSA,302.000.000
24/05/2021,ELSA,302.000.000
31/05/2021,ELSA,322.000.000
07/06/2021,ELSA,322.000.000
14/06/2021,ELSA,316.000.000
13/06/2016,RALS,770.094.788
20/06/2016,RALS,833.914.734
27/06/2016,RALS,880.716.125
04/07/2016,RALS,880.716.125
11/07/2016,RALS,880.716.125
18/07/2016,RALS,944.536.072
25/07/2016,RALS,1.033.884.277
01/08/2016,RALS,1.004.101.379
08/08/2016,RALS,1.050.902.954
15/08/2016,RALS,1.118.977.417
22/08/2016,RALS,1.080.685.547
29/08/2016,RALS,1.029.629.517
05/09/2016,RALS,982.828.186
12/09/2016,RALS,1.050.902.954
19/09/2016,RALS,987.082.825
26/09/2016,RALS,936.026.794
03/10/2016,RALS,999.846.802
10/10/2016,RALS,999.846.802
17/10/2016,RALS,1.097.704.102
24/10/2016,RALS,1.106.213.501
31/10/2016,RALS,1.084.940.186
07/11/2016,RALS,1.089.194.824
14/11/2016,RALS,1.055.157.349
21/11/2016,RALS,1.004.101.379
28/11/2016,RALS,995.592.163
05/12/2016,RALS,1.016.865.479
12/12/2016,RALS,982.828.186
19/12/2016,RALS,961.554.749
26/12/2016,RALS,1.016.865.479
02/01/2017,RALS,1.046.648.193
09/01/2017,RALS,1.046.648.193
16/01/2017,RALS,1.046.648.193
23/01/2017,RALS,1.157.269.409
30/01/2017,RALS,1.242.362.793
06/02/2017,RALS,1.187.052.002
13/02/2017,RALS,1.110.468.262
20/02/2017,RALS,1.114.722.778
27/02/2017,RALS,1.008.356.018
06/03/2017,RALS,1.016.865.479
13/03/2017,RALS,978.573.486
20/03/2017,RALS,982.828.186
27/03/2017,RALS,948.790.710
03/04/2017,RALS,978.573.486
10/04/2017,RALS,982.828.186
17/04/2017,RALS,957.300.110
24/04/2017,RALS,1.084.940.186
01/05/2017,RALS,1.123.232.178
08/05/2017,RALS,1.165.778.931
15/05/2017,RALS,1.135.996.094
22/05/2017,RALS,1.063.666.870
29/05/2017,RALS,1.163.974.609
05/06/2017,RALS,1.137.719.727
12/06/2017,RALS,1.093.961.060
19/06/2017,RALS,1.072.081.909
26/06/2017,RALS,1.072.081.909
03/07/2017,RALS,945.182.434
10/07/2017,RALS,936.430.725
17/07/2017,RALS,897.048.096
24/07/2017,RALS,827.034.668
31/07/2017,RALS,783.276.123
07/08/2017,RALS,827.034.668
14/08/2017,RALS,875.168.884
21/08/2017,RALS,914.551.514
28/08/2017,RALS,883.920.593
04/09/2017,RALS,813.907.043
11/09/2017,RALS,831.410.522
18/09/2017,RALS,818.282.898
25/09/2017,RALS,787.651.978
02/10/2017,RALS,844.537.964
09/10/2017,RALS,818.282.898
16/10/2017,RALS,761.396.973
23/10/2017,RALS,770.148.682
30/10/2017,RALS,783.276.123
06/11/2017,RALS,809.531.189
13/11/2017,RALS,853.289.673
20/11/2017,RALS,818.282.898
27/11/2017,RALS,875.168.884
04/12/2017,RALS,888.296.448
11/12/2017,RALS,945.182.434
18/12/2017,RALS,883.920.593
25/12/2017,RALS,1.050.202.637
01/01/2018,RALS,958.309.937
08/01/2018,RALS,1.063.330.200
15/01/2018,RALS,1.085.209.351
22/01/2018,RALS,1.037.075.195
29/01/2018,RALS,1.067.706.177
05/02/2018,RALS,1.006.444.275
12/02/2018,RALS,1.041.450.928
19/02/2018,RALS,997.692.566
26/02/2018,RALS,1.107.088.745
05/03/2018,RALS,1.063.330.200
12/03/2018,RALS,1.102.712.769
19/03/2018,RALS,1.102.712.769
26/03/2018,RALS,1.181.478.027
02/04/2018,RALS,1.155.222.900
09/04/2018,RALS,1.251.491.577
16/04/2018,RALS,1.260.243.164
23/04/2018,RALS,1.233.988.159
30/04/2018,RALS,1.216.484.741
07/05/2018,RALS,1.190.229.736
14/05/2018,RALS,1.172.726.318
21/05/2018,RALS,1.212.108.887
28/05/2018,RALS,1.194.605.591
04/06/2018,RALS,1.304.001.709
11/06/2018,RALS,1.340.098.633
18/06/2018,RALS,1.281.637.939
25/06/2018,RALS,1.340.098.633
02/07/2018,RALS,1.196.195.435
09/07/2018,RALS,1.164.716.675
16/07/2018,RALS,1.295.128.784
23/07/2018,RALS,1.299.625.854
30/07/2018,RALS,1.187.201.416
06/08/2018,RALS,1.223.177.368
13/08/2018,RALS,1.070.280.029
20/08/2018,RALS,1.173.710.571
27/08/2018,RALS,1.142.231.689
03/09/2018,RALS,1.133.237.793
10/09/2018,RALS,1.205.189.331
17/09/2018,RALS,1.214.183.350
24/09/2018,RALS,1.169.213.623
01/10/2018,RALS,1.115.249.756
08/10/2018,RALS,1.070.280.029
15/10/2018,RALS,1.074.777.100
22/10/2018,RALS,1.056.789.185
29/10/2018,RALS,1.034.304.321
05/11/2018,RALS,1.146.728.760
12/11/2018,RALS,1.196.195.435
19/11/2018,RALS,1.142.231.689
26/11/2018,RALS,1.070.280.029
03/12/2018,RALS,1.218.680.298
10/12/2018,RALS,1.218.680.298
17/12/2018,RALS,1.286.135.010
24/12/2018,RALS,1.277.140.991
31/12/2018,RALS,1.286.135.010
07/01/2019,RALS,1.367.080.444
14/01/2019,RALS,1.371.577.393
21/01/2019,RALS,1.475.007.813
28/01/2019,RALS,1.528.971.680
04/02/2019,RALS,1.506.486.694
11/02/2019,RALS,1.623.408.081
18/02/2019,RALS,1.510.983.765
25/02/2019,RALS,1.546.959.473
04/03/2019,RALS,1.555.953.369
11/03/2019,RALS,1.618.911.133
18/03/2019,RALS,1.551.456.421
25/03/2019,RALS,1.573.941.406
01/04/2019,RALS,1.587.432.373
08/04/2019,RALS,1.618.911.133
15/04/2019,RALS,1.641.395.996
22/04/2019,RALS,1.555.953.369
29/04/2019,RALS,1.591.929.321
06/05/2019,RALS,1.591.929.321
13/05/2019,RALS,1.528.971.680
20/05/2019,RALS,1.380.571.411
27/05/2019,RALS,1.457.020.020
03/06/2019,RALS,1.457.020.020
10/06/2019,RALS,1.335.601.685
17/06/2019,RALS,1.375.000.000
24/06/2019,RALS,1.305.555.542
01/07/2019,RALS,1.273.148.071
08/07/2019,RALS,1.240.740.723
15/07/2019,RALS,1.203.703.735
22/07/2019,RALS,1.263.888.916
29/07/2019,RALS,1.231.481.445
05/08/2019,RALS,1.212.962.891
12/08/2019,RALS,1.199.074.097
19/08/2019,RALS,1.157.407.349
26/08/2019,RALS,1.120.370.361
02/09/2019,RALS,1.064.814.819
09/09/2019,RALS,1.111.111.084
16/09/2019,RALS,1.120.370.361
23/09/2019,RALS,1.111.111.084
30/09/2019,RALS,1.134.259.277
07/10/2019,RALS,1.171.296.265
14/10/2019,RALS,1.166.666.626
21/10/2019,RALS,1.120.370.361
28/10/2019,RALS,1.060.185.181
04/11/2019,RALS,1.069.444.458
11/11/2019,RALS,1.027.777.710
18/11/2019,RALS,949.074.036
25/11/2019,RALS,939.814.819
02/12/2019,RALS,990.740.723
09/12/2019,RALS,958.333.313
16/12/2019,RALS,925.925.903
23/12/2019,RALS,986.111.084
30/12/2019,RALS,990.740.723
06/01/2020,RALS,958.333.313
13/01/2020,RALS,1.092.592.529
20/01/2020,RALS,1.069.444.458
27/01/2020,RALS,990.740.723
03/02/2020,RALS,995.370.361
10/02/2020,RALS,916.666.626
17/02/2020,RALS,912.037.048
24/02/2020,RALS,958.333.313
02/03/2020,RALS,875.000.000
09/03/2020,RALS,662.037.048
16/03/2020,RALS,467.592.590
23/03/2020,RALS,462.962.952
30/03/2020,RALS,472.222.229
06/04/2020,RALS,560.185.181
13/04/2020,RALS,532.407.410
20/04/2020,RALS,513.888.855
27/04/2020,RALS,532.407.410
04/05/2020,RALS,523.148.132
11/05/2020,RALS,518.518.494
18/05/2020,RALS,541.666.687
25/05/2020,RALS,527.777.771
01/06/2020,RALS,592.592.590
08/06/2020,RALS,555.555.542
15/06/2020,RALS,578.703.674
22/06/2020,RALS,564.814.819
29/06/2020,RALS,541.666.687
06/07/2020,RALS,518.518.494
13/07/2020,RALS,523.148.132
20/07/2020,RALS,523.148.132
27/07/2020,RALS,523.148.132
03/08/2020,RALS,564.814.819
10/08/2020,RALS,601.851.868
17/08/2020,RALS,601.851.868
24/08/2020,RALS,592.592.590
31/08/2020,RALS,635.000.000
07/09/2020,RALS,585.000.000
14/09/2020,RALS,580.000.000
21/09/2020,RALS,565.000.000
28/09/2020,RALS,510.000.000
05/10/2020,RALS,570.000.000
12/10/2020,RALS,565.000.000
19/10/2020,RALS,560.000.000
26/10/2020,RALS,575.000.000
02/11/2020,RALS,570.000.000
09/11/2020,RALS,660.000.000
16/11/2020,RALS,740.000.000
23/11/2020,RALS,780.000.000
30/11/2020,RALS,740.000.000
07/12/2020,RALS,760.000.000
14/12/2020,RALS,890.000.000
21/12/2020,RALS,850.000.000
28/12/2020,RALS,775.000.000
04/01/2021,RALS,785.000.000
11/01/2021,RALS,825.000.000
18/01/2021,RALS,780.000.000
25/01/2021,RALS,645.000.000
01/02/2021,RALS,675.000.000
08/02/2021,RALS,725.000.000
15/02/2021,RALS,715.000.000
22/02/2021,RALS,730.000.000
01/03/2021,RALS,760.000.000
08/03/2021,RALS,805.000.000
15/03/2021,RALS,790.000.000
22/03/2021,RALS,800.000.000
29/03/2021,RALS,785.000.000
05/04/2021,RALS,785.000.000
12/04/2021,RALS,835.000.000
19/04/2021,RALS,865.000.000
26/04/2021,RALS,775.000.000
03/05/2021,RALS,720.000.000
10/05/2021,RALS,740.000.000
17/05/2021,RALS,685.000.000
24/05/2021,RALS,660.000.000
31/05/2021,RALS,685.000.000
07/06/2021,RALS,680.000.000
14/06/2021,RALS,710.000.000
